task,epoch,mean_train_loss,val_loss,last_global_step
grab_roller,0,0.62793409,0.14622886,581
grab_roller,1,0.20965168,0.09210850,1163
grab_roller,2,0.12219079,0.07033546,1745
grab_roller,3,0.08322263,0.05176128,2327
grab_roller,4,0.06617747,0.03721781,2909
grab_roller,5,0.05544423,0.03474783,3491
grab_roller,6,0.05025545,0.04617019,4073
grab_roller,7,0.04419176,0.02656226,4655
grab_roller,8,0.04034962,0.04005652,5237
grab_roller,9,0.03885952,0.02995440,5819
grab_roller,10,0.03614233,0.02046882,6401
grab_roller,11,0.03403954,0.02582615,6983
grab_roller,12,0.03251132,0.02170620,7565
grab_roller,13,0.02978809,0.01759300,8147
grab_roller,14,0.03023735,0.03071138,8729
grab_roller,15,0.02828167,0.02463307,9311
grab_roller,16,0.02665615,0.02391800,9893
grab_roller,17,0.02774888,0.02011091,10475
grab_roller,18,0.02830954,0.02142823,11057
grab_roller,19,0.02632472,0.01125231,11639
grab_roller,20,0.02577485,0.02202776,12221
grab_roller,21,0.02436034,0.01494016,12803
grab_roller,22,0.02459350,0.01263998,13385
grab_roller,23,0.02223286,0.03012928,13967
grab_roller,24,0.02236717,0.01072256,14549
grab_roller,25,0.02121805,0.01986257,15131
grab_roller,26,0.02099099,0.01818145,15713
grab_roller,27,0.01992876,0.02472550,16295
grab_roller,28,0.01912148,0.01468780,16877
grab_roller,29,0.01868202,0.01302731,17459
grab_roller,30,0.01860985,0.01278394,18041
grab_roller,31,0.01809668,0.02116749,18623
grab_roller,32,0.01866757,0.01937914,19205
grab_roller,33,0.01810792,0.01373698,19787
grab_roller,34,0.01684977,0.01288579,20369
grab_roller,35,0.01613364,0.01361504,20951
grab_roller,36,0.01556369,0.01702087,21533
grab_roller,37,0.01488367,0.01551737,22115
grab_roller,38,0.01584429,0.01078968,22697
grab_roller,39,0.01554875,0.00657067,23279
grab_roller,40,0.01518060,0.01465765,23861
grab_roller,41,0.01423678,0.01193225,24443
grab_roller,42,0.01405868,0.00768227,25025
grab_roller,43,0.01389560,0.01349313,25607
grab_roller,44,0.01309436,0.01742384,26189
grab_roller,45,0.01299842,0.01674952,26771
grab_roller,46,0.01301076,0.01552898,27353
grab_roller,47,0.01227916,0.01630578,27935
grab_roller,48,0.01270931,0.00716748,28517
grab_roller,49,0.01196946,0.00793428,29099
grab_roller,50,0.01188208,0.00935364,29681
grab_roller,51,0.01149390,0.00740330,30263
grab_roller,52,0.01196468,0.00499642,30845
grab_roller,53,0.01086109,0.01257166,31427
grab_roller,54,0.01060517,0.01029823,32009
grab_roller,55,0.01090783,0.00368654,32591
grab_roller,56,0.01084203,0.01285802,33173
grab_roller,57,0.01065018,0.01390269,33755
grab_roller,58,0.00962012,0.01546567,34337
grab_roller,59,0.00989369,0.01030489,34919
grab_roller,60,0.00992046,0.00841278,35501
grab_roller,61,0.01015681,0.01056113,36083
grab_roller,62,0.00967187,0.00490194,36665
grab_roller,63,0.00960556,0.01172263,37247
grab_roller,64,0.00932076,0.00954265,37829
grab_roller,65,0.00843240,0.01223730,38411
grab_roller,66,0.00876320,0.01144352,38993
grab_roller,67,0.00869292,0.01329882,39575
grab_roller,68,0.00825104,0.00376073,40157
grab_roller,69,0.00799285,0.00726053,40739
grab_roller,70,0.00841208,0.00855100,41321
grab_roller,71,0.00788674,0.00869230,41903
grab_roller,72,0.00793818,0.00352769,42485
grab_roller,73,0.00770734,0.00751197,43067
grab_roller,74,0.00803875,0.01033077,43649
grab_roller,75,0.00713408,0.00748376,44231
grab_roller,76,0.00819321,0.00842994,44813
grab_roller,77,0.00703822,0.01281672,45395
grab_roller,78,0.00683803,0.00542860,45977
grab_roller,79,0.00706983,0.00514656,46559
grab_roller,80,0.00679124,0.01529212,47141
grab_roller,81,0.00628848,0.00752667,47723
grab_roller,82,0.00663965,0.01302518,48305
grab_roller,83,0.00656492,0.01279554,48887
grab_roller,84,0.00658112,0.01182785,49469
grab_roller,85,0.00636134,0.00601883,50051
grab_roller,86,0.00634693,0.00512177,50633
grab_roller,87,0.00640011,0.00839808,51215
grab_roller,88,0.00676203,0.00570830,51797
grab_roller,89,0.00621491,0.01892736,52379
grab_roller,90,0.00601567,0.00353486,52961
grab_roller,91,0.00630282,0.01782346,53543
grab_roller,92,0.00569917,0.00514293,54125
grab_roller,93,0.00593063,0.00825288,54707
grab_roller,94,0.00561354,0.00976170,55289
grab_roller,95,0.00554525,0.01493148,55871
grab_roller,96,0.00573420,0.00821267,56453
grab_roller,97,0.00559880,0.01467983,57035
grab_roller,98,0.00616451,0.00933888,57617
grab_roller,99,0.00541950,0.00861272,58199
grab_roller,100,0.01634270,0.01254604,10199
grab_roller,101,0.01513936,0.01997785,10300
grab_roller,102,0.01587211,0.01776662,10401
grab_roller,103,0.01599877,0.02563081,10502
grab_roller,104,0.01523523,0.03054654,10603
grab_roller,105,0.01320845,0.02177315,10704
grab_roller,106,0.01549660,0.01334559,10805
grab_roller,107,0.01694508,0.01867102,10906
grab_roller,108,0.01513942,0.01749670,11007
grab_roller,109,0.01580349,0.01587726,11108
grab_roller,110,0.01434805,0.02209096,11209
grab_roller,111,0.01327069,0.01465153,11310
grab_roller,112,0.01520818,0.02166165,11411
grab_roller,113,0.01373589,0.02138861,11512
grab_roller,114,0.01312720,0.02133746,11613
grab_roller,115,0.01445159,0.01445660,11714
grab_roller,116,0.01312887,0.01390228,11815
grab_roller,117,0.01524577,0.01885568,11916
grab_roller,118,0.01312949,0.01443259,12017
grab_roller,119,0.01401066,0.02366804,12118
grab_roller,120,0.01447643,0.02020482,12219
grab_roller,121,0.01326907,0.01723629,12320
grab_roller,122,0.01338270,0.02005495,12421
grab_roller,123,0.01587952,0.01873441,12522
grab_roller,124,0.01266578,0.00810542,12623
grab_roller,125,0.01225685,0.01832553,12724
grab_roller,126,0.01257717,0.01253915,12825
grab_roller,127,0.01180858,0.01413247,12926
grab_roller,128,0.01374387,0.02320619,13027
grab_roller,129,0.01312641,0.01796654,13128
grab_roller,130,0.01212403,0.01468626,13229
grab_roller,131,0.01280989,0.01175927,13330
grab_roller,132,0.01327269,0.01836875,13431
grab_roller,133,0.01307355,0.01716007,13532
grab_roller,134,0.01293779,0.01221640,13633
grab_roller,135,0.01167560,0.01548852,13734
grab_roller,136,0.01207732,0.01652657,13835
grab_roller,137,0.01261277,0.01555519,13936
grab_roller,138,0.01120173,0.01741154,14037
grab_roller,139,0.01175602,0.00996421,14138
grab_roller,140,0.01181557,0.02109275,14239
grab_roller,141,0.01155574,0.01842355,14340
grab_roller,142,0.01213865,0.01553401,14441
grab_roller,143,0.01234469,0.01648796,14542
grab_roller,144,0.01226120,0.01849020,14643
grab_roller,145,0.01099226,0.01789449,14744
grab_roller,146,0.01089839,0.01192331,14845
grab_roller,147,0.01159481,0.01343368,14946
grab_roller,148,0.01333862,0.01355131,15047
grab_roller,149,0.01069209,0.00828684,15148
grab_roller,150,0.01105150,0.01080742,15249
grab_roller,151,0.00996369,0.01056131,15350
grab_roller,152,0.01145595,0.00604076,15451
grab_roller,153,0.01071896,0.01601679,15552
grab_roller,154,0.00978553,0.01626518,15653
grab_roller,155,0.01074970,0.01475487,15754
grab_roller,156,0.00964717,0.01501449,15855
grab_roller,157,0.01147342,0.01652697,15956
grab_roller,158,0.01048924,0.01629607,16057
grab_roller,159,0.01071445,0.01074330,16158
grab_roller,160,0.00989176,0.01443660,16259
grab_roller,161,0.01072441,0.01364684,16360
grab_roller,162,0.01017104,0.01552847,16461
grab_roller,163,0.01038717,0.00566669,16562
grab_roller,164,0.01028447,0.01785229,16663
grab_roller,165,0.00942000,0.02704475,16764
grab_roller,166,0.01118619,0.01164770,16865
grab_roller,167,0.00942223,0.01593526,16966
grab_roller,168,0.01027350,0.01381723,17067
grab_roller,169,0.00953130,0.01239436,17168
grab_roller,170,0.01089603,0.02053157,17269
grab_roller,171,0.00985601,0.01212389,17370
grab_roller,172,0.00929067,0.01374581,17471
grab_roller,173,0.00899185,0.01097397,17572
grab_roller,174,0.00957448,0.01240040,17673
grab_roller,175,0.01044500,0.01397668,17774
grab_roller,176,0.00897275,0.01003725,17875
grab_roller,177,0.00804143,0.00950090,17976
grab_roller,178,0.00939025,0.02222170,18077
grab_roller,179,0.00945623,0.01173683,18178
grab_roller,180,0.00982846,0.02037903,18279
grab_roller,181,0.00886008,0.01329664,18380
grab_roller,182,0.00889636,0.00729884,18481
grab_roller,183,0.00968006,0.00941436,18582
grab_roller,184,0.00744827,0.01745606,18683
grab_roller,185,0.00804028,0.01775426,18784
grab_roller,186,0.00976962,0.00854018,18885
grab_roller,187,0.00921173,0.01492701,18986
grab_roller,188,0.00888187,0.01122133,19087
grab_roller,189,0.00883158,0.01920502,19188
grab_roller,190,0.00803964,0.01267035,19289
grab_roller,191,0.00929416,0.00996936,19390
grab_roller,192,0.00827964,0.01465641,19491
grab_roller,193,0.00888677,0.01464166,19592
grab_roller,194,0.00854212,0.01314690,19693
grab_roller,195,0.00817666,0.01558139,19794
grab_roller,196,0.00912172,0.01321500,19895
grab_roller,197,0.00738161,0.01320280,19996
grab_roller,198,0.00769702,0.01315414,20097
grab_roller,199,0.00898809,0.00856670,20198
adjust_bottle,0,0.46189167,0.12184109,872
adjust_bottle,1,0.15768613,0.07873148,1745
adjust_bottle,2,0.09265135,0.06296784,2618
adjust_bottle,3,0.06352864,0.05020956,3491
adjust_bottle,4,0.05252335,0.04081577,4364
adjust_bottle,5,0.04339985,0.03426183,5237
adjust_bottle,6,0.03887706,0.02439430,6110
adjust_bottle,7,0.03590638,0.02431636,6983
adjust_bottle,8,0.03324268,0.02278368,7856
adjust_bottle,9,0.02985590,0.01692198,8729
adjust_bottle,10,0.02855578,0.02543186,9602
adjust_bottle,11,0.02583475,0.01556578,10475
adjust_bottle,12,0.02492862,0.02777820,11348
adjust_bottle,13,0.02392451,0.02170063,12221
adjust_bottle,14,0.02254896,0.01455268,13094
adjust_bottle,15,0.02208452,0.01365642,13967
adjust_bottle,16,0.02029179,0.01155508,14840
adjust_bottle,17,0.01947653,0.01361789,15713
adjust_bottle,18,0.01926927,0.01908262,16586
adjust_bottle,19,0.01749874,0.01757969,17459
adjust_bottle,20,0.01773313,0.01292049,18332
adjust_bottle,21,0.01735875,0.01742893,19205
adjust_bottle,22,0.01710880,0.00870793,20078
adjust_bottle,23,0.01527182,0.01249851,20951
adjust_bottle,24,0.01556341,0.01345096,21824
adjust_bottle,25,0.01464929,0.01275096,22697
adjust_bottle,26,0.01404050,0.01383449,23570
adjust_bottle,27,0.01445066,0.01239906,24443
adjust_bottle,28,0.01351119,0.00987605,25316
adjust_bottle,29,0.01280640,0.00840048,26189
adjust_bottle,30,0.01308897,0.01045770,27062
adjust_bottle,31,0.01269612,0.00895977,27935
adjust_bottle,32,0.01248566,0.01073522,28808
adjust_bottle,33,0.01178463,0.01077062,29681
adjust_bottle,34,0.01169991,0.01033106,30554
adjust_bottle,35,0.01100695,0.01010288,31427
adjust_bottle,36,0.01024647,0.00839396,32300
adjust_bottle,37,0.01043009,0.01318949,33173
adjust_bottle,38,0.01024316,0.01093016,34046
adjust_bottle,39,0.01017543,0.00736806,34919
adjust_bottle,40,0.00993921,0.00406924,35792
adjust_bottle,41,0.00968153,0.01260165,36665
adjust_bottle,42,0.00918004,0.00544515,37538
adjust_bottle,43,0.00911874,0.00519035,38411
adjust_bottle,44,0.00903061,0.00548084,39284
adjust_bottle,45,0.00893916,0.00774525,40157
adjust_bottle,46,0.00840726,0.00867328,41030
adjust_bottle,47,0.00797738,0.00635503,41903
adjust_bottle,48,0.00826014,0.00795496,42776
adjust_bottle,49,0.00766174,0.00547522,43649
adjust_bottle,50,0.00787850,0.00758904,44522
adjust_bottle,51,0.00764531,0.00908709,45395
adjust_bottle,52,0.00730289,0.00520576,46268
adjust_bottle,53,0.00739715,0.00480572,47141
adjust_bottle,54,0.00666538,0.00565002,48014
adjust_bottle,55,0.00702289,0.00303995,48887
adjust_bottle,56,0.00668477,0.00366650,49760
adjust_bottle,57,0.00628179,0.00346881,50633
adjust_bottle,58,0.00613399,0.00241956,51506
adjust_bottle,59,0.00595505,0.00362988,52379
adjust_bottle,60,0.00632708,0.00268449,53252
adjust_bottle,61,0.00592546,0.00286444,54125
adjust_bottle,62,0.00581506,0.00350513,54998
adjust_bottle,63,0.00555189,0.00359019,55871
adjust_bottle,64,0.00534648,0.00531381,56744
adjust_bottle,65,0.00535056,0.00310818,57617
adjust_bottle,66,0.00558414,0.00401253,58490
adjust_bottle,67,0.00476654,0.00326973,59363
adjust_bottle,68,0.00482011,0.00486213,60236
adjust_bottle,69,0.00485332,0.00264494,61109
adjust_bottle,70,0.00456207,0.00223883,61982
adjust_bottle,71,0.00428169,0.00221408,62855
adjust_bottle,72,0.00451489,0.00320691,63728
adjust_bottle,73,0.00447259,0.00326693,64601
adjust_bottle,74,0.00419757,0.00262174,65474
adjust_bottle,75,0.00423335,0.00245358,66347
adjust_bottle,76,0.00416215,0.00174739,67220
adjust_bottle,77,0.00390773,0.00326961,68093
adjust_bottle,78,0.00378530,0.00239019,68966
adjust_bottle,79,0.00371992,0.00214119,69839
adjust_bottle,80,0.00388490,0.00100006,70712
adjust_bottle,81,0.00350749,0.00214358,71585
adjust_bottle,82,0.00347642,0.00217742,72458
adjust_bottle,83,0.00346481,0.00230076,73331
adjust_bottle,84,0.00342330,0.00182616,74204
adjust_bottle,85,0.00337574,0.00164022,75077
adjust_bottle,86,0.00346745,0.00218676,75950
adjust_bottle,87,0.00359357,0.00138135,76823
adjust_bottle,88,0.00321198,0.00157949,77696
adjust_bottle,89,0.00316576,0.00167771,78569
adjust_bottle,90,0.00309864,0.00103720,79442
adjust_bottle,91,0.00302137,0.00099792,80315
adjust_bottle,92,0.00315572,0.00105643,81188
adjust_bottle,93,0.00292753,0.00159422,82061
adjust_bottle,94,0.00289171,0.00194164,82934
adjust_bottle,95,0.00287946,0.00111943,83807
adjust_bottle,96,0.00296464,0.00132113,84680
adjust_bottle,97,0.00301516,0.00126657,85553
adjust_bottle,98,0.00294519,0.00289234,86426
adjust_bottle,99,0.00303536,0.00211655,87299
adjust_bottle,100,0.01429379,0.01462737,10199
adjust_bottle,101,0.01570648,0.01449033,10300
adjust_bottle,102,0.01691034,0.01543222,10401
adjust_bottle,103,0.01741904,0.02436911,10502
adjust_bottle,104,0.01298327,0.01742977,10603
adjust_bottle,105,0.01562624,0.01820074,10704
adjust_bottle,106,0.01672615,0.01560851,10805
adjust_bottle,107,0.01496521,0.01495106,10906
adjust_bottle,108,0.01512939,0.01129628,11007
adjust_bottle,109,0.01459150,0.01416976,11108
adjust_bottle,110,0.01358253,0.01900728,11209
adjust_bottle,111,0.01503631,0.01571001,11310
adjust_bottle,112,0.01465676,0.01330578,11411
adjust_bottle,113,0.01293914,0.01655276,11512
adjust_bottle,114,0.01476561,0.02093404,11613
adjust_bottle,115,0.01281231,0.01725852,11714
adjust_bottle,116,0.01554932,0.01511457,11815
adjust_bottle,117,0.01380253,0.01224566,11916
adjust_bottle,118,0.01425243,0.01541173,12017
adjust_bottle,119,0.01485820,0.01451637,12118
adjust_bottle,120,0.01501643,0.01868961,12219
adjust_bottle,121,0.01550751,0.01427110,12320
adjust_bottle,122,0.01510498,0.01773003,12421
adjust_bottle,123,0.01317167,0.01706155,12522
adjust_bottle,124,0.01327339,0.01587447,12623
adjust_bottle,125,0.01216564,0.01452435,12724
adjust_bottle,126,0.01283404,0.01468803,12825
adjust_bottle,127,0.01443467,0.01958202,12926
adjust_bottle,128,0.01313433,0.00969263,13027
adjust_bottle,129,0.01396718,0.01271998,13128
adjust_bottle,130,0.01287802,0.01164005,13229
adjust_bottle,131,0.01358756,0.01468227,13330
adjust_bottle,132,0.01276276,0.01283435,13431
adjust_bottle,133,0.01367732,0.01071893,13532
adjust_bottle,134,0.01245575,0.01282938,13633
adjust_bottle,135,0.01252055,0.01177655,13734
adjust_bottle,136,0.01339891,0.01072634,13835
adjust_bottle,137,0.01235325,0.01457623,13936
adjust_bottle,138,0.01224919,0.01379033,14037
adjust_bottle,139,0.01213507,0.01200519,14138
adjust_bottle,140,0.01241659,0.01883050,14239
adjust_bottle,141,0.01308445,0.01230285,14340
adjust_bottle,142,0.01367957,0.01217594,14441
adjust_bottle,143,0.01157939,0.00913688,14542
adjust_bottle,144,0.01243558,0.01674533,14643
adjust_bottle,145,0.01058485,0.00680491,14744
adjust_bottle,146,0.01240338,0.01304740,14845
adjust_bottle,147,0.01394896,0.01278998,14946
adjust_bottle,148,0.01199335,0.01454020,15047
adjust_bottle,149,0.00940883,0.01133684,15148
adjust_bottle,150,0.01073101,0.01335066,15249
adjust_bottle,151,0.01138937,0.01298998,15350
adjust_bottle,152,0.01041259,0.01081383,15451
adjust_bottle,153,0.01041349,0.01157930,15552
adjust_bottle,154,0.01187834,0.01319971,15653
adjust_bottle,155,0.01101838,0.01348345,15754
adjust_bottle,156,0.01139639,0.01214567,15855
adjust_bottle,157,0.01206962,0.01266632,15956
adjust_bottle,158,0.01028452,0.01123006,16057
adjust_bottle,159,0.01024086,0.00912235,16158
adjust_bottle,160,0.01187378,0.01124196,16259
adjust_bottle,161,0.01205053,0.01535411,16360
adjust_bottle,162,0.01097541,0.01715029,16461
adjust_bottle,163,0.00994210,0.01162679,16562
adjust_bottle,164,0.01132496,0.00945535,16663
adjust_bottle,165,0.01210891,0.01443867,16764
adjust_bottle,166,0.01053677,0.01006915,16865
adjust_bottle,167,0.00906631,0.00963360,16966
adjust_bottle,168,0.01032297,0.00763952,17067
adjust_bottle,169,0.01137190,0.01274619,17168
adjust_bottle,170,0.00981176,0.00940539,17269
adjust_bottle,171,0.01035178,0.01138263,17370
adjust_bottle,172,0.01115538,0.00628186,17471
adjust_bottle,173,0.01169747,0.00889966,17572
adjust_bottle,174,0.01021127,0.00938811,17673
adjust_bottle,175,0.01052940,0.00700885,17774
adjust_bottle,176,0.01017573,0.01387180,17875
adjust_bottle,177,0.01030115,0.01297877,17976
adjust_bottle,178,0.01024024,0.01049346,18077
adjust_bottle,179,0.01038475,0.00602116,18178
adjust_bottle,180,0.00858444,0.00748604,18279
adjust_bottle,181,0.00975323,0.00857981,18380
adjust_bottle,182,0.00919862,0.00946932,18481
adjust_bottle,183,0.00987394,0.00901018,18582
adjust_bottle,184,0.01103216,0.01383208,18683
adjust_bottle,185,0.01069746,0.00817007,18784
adjust_bottle,186,0.00912764,0.00854980,18885
adjust_bottle,187,0.01074275,0.00962314,18986
adjust_bottle,188,0.00921917,0.01136076,19087
adjust_bottle,189,0.00909655,0.00678937,19188
adjust_bottle,190,0.01014623,0.01173365,19289
adjust_bottle,191,0.00944300,0.00754454,19390
adjust_bottle,192,0.00967309,0.00662112,19491
adjust_bottle,193,0.00934340,0.00797367,19592
adjust_bottle,194,0.00846169,0.00935193,19693
adjust_bottle,195,0.00938044,0.00941920,19794
adjust_bottle,196,0.00820212,0.00910821,19895
adjust_bottle,197,0.01035461,0.00708173,19996
adjust_bottle,198,0.00942377,0.00707035,20097
adjust_bottle,199,0.01004742,0.01015607,20198
place_burger_fries,0,0.33021626,0.09725524,1491
place_burger_fries,1,0.10807318,0.04689459,2983
place_burger_fries,2,0.06662663,0.04483075,4475
place_burger_fries,3,0.04891721,0.02767557,5967
place_burger_fries,4,0.04179084,0.02372699,7459
place_burger_fries,5,0.03639931,0.02966013,8951
place_burger_fries,6,0.03290804,0.02402836,10443
place_burger_fries,7,0.02985728,0.02196829,11935
place_burger_fries,8,0.02769704,0.01856787,13427
place_burger_fries,9,0.02534044,0.01702127,14919
place_burger_fries,10,0.02333437,0.01548686,16411
place_burger_fries,11,0.02176023,0.02156008,17903
place_burger_fries,12,0.02086174,0.01965587,19395
place_burger_fries,13,0.01988357,0.01319680,20887
place_burger_fries,14,0.01841221,0.01379925,22379
place_burger_fries,15,0.01782049,0.01171879,23871
place_burger_fries,16,0.01716145,0.02033781,25363
place_burger_fries,17,0.01574330,0.01478697,26855
place_burger_fries,18,0.01534656,0.01528351,28347
place_burger_fries,19,0.01491082,0.01087388,29839
place_burger_fries,20,0.01402292,0.01203476,31331
place_burger_fries,21,0.01347697,0.01600004,32823
place_burger_fries,22,0.01302137,0.01111487,34315
place_burger_fries,23,0.01268059,0.00801429,35807
place_burger_fries,24,0.01260284,0.00987359,37299
place_burger_fries,25,0.01169625,0.00999238,38791
place_burger_fries,26,0.01200404,0.00719291,40283
place_burger_fries,27,0.01108348,0.01161158,41775
place_burger_fries,28,0.01119955,0.00716515,43267
place_burger_fries,29,0.01086792,0.00820581,44759
place_burger_fries,30,0.01056215,0.00962570,46251
place_burger_fries,31,0.01012983,0.00816745,47743
place_burger_fries,32,0.01001110,0.00721554,49235
place_burger_fries,33,0.00974213,0.00974580,50727
place_burger_fries,34,0.00903209,0.00588928,52219
place_burger_fries,35,0.00931875,0.00943215,53711
place_burger_fries,36,0.00837087,0.00641412,55203
place_burger_fries,37,0.00863166,0.00496150,56695
place_burger_fries,38,0.00883199,0.00550880,58187
place_burger_fries,39,0.00843790,0.00689433,59679
place_burger_fries,40,0.00798387,0.00661351,61171
place_burger_fries,41,0.00741348,0.00447098,62663
place_burger_fries,42,0.00764274,0.00775599,64155
place_burger_fries,43,0.00754057,0.00530751,65647
place_burger_fries,44,0.00713149,0.00659380,67139
place_burger_fries,45,0.00734783,0.00426696,68631
place_burger_fries,46,0.00674393,0.00423935,70123
place_burger_fries,47,0.00657987,0.00567056,71615
place_burger_fries,48,0.00659330,0.00581929,73107
place_burger_fries,49,0.00667908,0.00363054,74599
place_burger_fries,50,0.00634819,0.00645512,76091
place_burger_fries,51,0.00615390,0.00299115,77583
place_burger_fries,52,0.00581431,0.00303420,79075
place_burger_fries,53,0.00577889,0.00354390,80567
place_burger_fries,54,0.00588963,0.00377980,82059
place_burger_fries,55,0.00549106,0.00455059,83551
place_burger_fries,56,0.00540727,0.00447889,85043
place_burger_fries,57,0.00535111,0.00300317,86535
place_burger_fries,58,0.00518848,0.00288665,88027
place_burger_fries,59,0.00502319,0.00320548,89519
place_burger_fries,60,0.00503141,0.00375131,91011
place_burger_fries,61,0.00470177,0.00463021,92503
place_burger_fries,62,0.00457882,0.00206265,93995
place_burger_fries,63,0.00452569,0.00379143,95487
place_burger_fries,64,0.00444670,0.00222437,96979
place_burger_fries,65,0.00438622,0.00351243,98471
place_burger_fries,66,0.00415486,0.00254973,99963
place_burger_fries,67,0.00404041,0.00294362,101455
place_burger_fries,68,0.00393821,0.00249309,102947
place_burger_fries,69,0.00366006,0.00318991,104439
place_burger_fries,70,0.00365755,0.00299602,105931
place_burger_fries,71,0.00372700,0.00270049,107423
place_burger_fries,72,0.00333168,0.00198776,108915
place_burger_fries,73,0.00341883,0.00183479,110407
place_burger_fries,74,0.00348814,0.00303881,111899
place_burger_fries,75,0.00320759,0.00177119,113391
place_burger_fries,76,0.00328944,0.00179974,114883
place_burger_fries,77,0.00325198,0.00254866,116375
place_burger_fries,78,0.00304119,0.00194191,117867
place_burger_fries,79,0.00308591,0.00163546,119359
place_burger_fries,80,0.00275273,0.00171548,120851
place_burger_fries,81,0.00282594,0.00193033,122343
place_burger_fries,82,0.00283852,0.00197796,123835
place_burger_fries,83,0.00269453,0.00233758,125327
place_burger_fries,84,0.00268361,0.00181982,126819
place_burger_fries,85,0.00267627,0.00276954,128311
place_burger_fries,86,0.00258153,0.00131372,129803
place_burger_fries,87,0.00252846,0.00129108,131295
place_burger_fries,88,0.00244692,0.00185855,132787
place_burger_fries,89,0.00233688,0.00131148,134279
place_burger_fries,90,0.00242031,0.00133909,135771
place_burger_fries,91,0.00221726,0.00225757,137263
place_burger_fries,92,0.00233386,0.00172038,138755
place_burger_fries,93,0.00229065,0.00208127,140247
place_burger_fries,94,0.00229881,0.00157414,141739
place_burger_fries,95,0.00239434,0.00122138,143231
place_burger_fries,96,0.00240636,0.00178262,144723
place_burger_fries,97,0.00219565,0.00149437,146215
place_burger_fries,98,0.00223857,0.00153693,147707
place_burger_fries,99,0.00228160,0.00138333,149199
place_burger_fries,100,0.02016230,0.01724161,10199
place_burger_fries,101,0.01762626,0.01837690,10300
place_burger_fries,102,0.01952333,0.01835468,10401
place_burger_fries,103,0.02034953,0.02485545,10502
place_burger_fries,104,0.01835918,0.01638427,10603
place_burger_fries,105,0.01779806,0.01875106,10704
place_burger_fries,106,0.01812122,0.01811876,10805
place_burger_fries,107,0.01666866,0.01612603,10906
place_burger_fries,108,0.01746479,0.01914147,11007
place_burger_fries,109,0.01863090,0.01930830,11108
place_burger_fries,110,0.01697875,0.01795705,11209
place_burger_fries,111,0.01840170,0.01898688,11310
place_burger_fries,112,0.01503338,0.01796364,11411
place_burger_fries,113,0.01895122,0.01491151,11512
place_burger_fries,114,0.01560549,0.01502831,11613
place_burger_fries,115,0.01833313,0.02062913,11714
place_burger_fries,116,0.01773398,0.02486241,11815
place_burger_fries,117,0.01555477,0.01597453,11916
place_burger_fries,118,0.01723350,0.02058743,12017
place_burger_fries,119,0.01861085,0.01443072,12118
place_burger_fries,120,0.01579401,0.02161030,12219
place_burger_fries,121,0.01559522,0.01536007,12320
place_burger_fries,122,0.01553152,0.01635862,12421
place_burger_fries,123,0.01557442,0.01728445,12522
place_burger_fries,124,0.01700017,0.01815725,12623
place_burger_fries,125,0.01626128,0.01080083,12724
place_burger_fries,126,0.01598210,0.01613852,12825
place_burger_fries,127,0.01711510,0.01398242,12926
place_burger_fries,128,0.01660718,0.02098016,13027
place_burger_fries,129,0.01522274,0.01356295,13128
place_burger_fries,130,0.01598829,0.00967909,13229
place_burger_fries,131,0.01502292,0.01277768,13330
place_burger_fries,132,0.01496395,0.01863479,13431
place_burger_fries,133,0.01450475,0.01275500,13532
place_burger_fries,134,0.01589546,0.01718504,13633
place_burger_fries,135,0.01447977,0.01691919,13734
place_burger_fries,136,0.01532848,0.01301015,13835
place_burger_fries,137,0.01579452,0.01779329,13936
place_burger_fries,138,0.01589543,0.01407151,14037
place_burger_fries,139,0.01515903,0.01721467,14138
place_burger_fries,140,0.01399073,0.01620499,14239
place_burger_fries,141,0.01324192,0.01264122,14340
place_burger_fries,142,0.01450499,0.01794058,14441
place_burger_fries,143,0.01618343,0.01400750,14542
place_burger_fries,144,0.01499414,0.01665559,14643
place_burger_fries,145,0.01342194,0.01273797,14744
place_burger_fries,146,0.01511285,0.01720924,14845
place_burger_fries,147,0.01431749,0.01272139,14946
place_burger_fries,148,0.01294011,0.01200070,15047
place_burger_fries,149,0.01260220,0.01666271,15148
place_burger_fries,150,0.01348173,0.01490947,15249
place_burger_fries,151,0.01439823,0.01337426,15350
place_burger_fries,152,0.01445740,0.01065382,15451
place_burger_fries,153,0.01489766,0.00965061,15552
place_burger_fries,154,0.01178435,0.01129278,15653
place_burger_fries,155,0.01282869,0.01259669,15754
place_burger_fries,156,0.01181640,0.01400099,15855
place_burger_fries,157,0.01395598,0.01406254,15956
place_burger_fries,158,0.01352260,0.01640439,16057
place_burger_fries,159,0.01310954,0.01225314,16158
place_burger_fries,160,0.01456836,0.01804269,16259
place_burger_fries,161,0.01296938,0.00933376,16360
place_burger_fries,162,0.01276314,0.01100204,16461
place_burger_fries,163,0.01170437,0.00931541,16562
place_burger_fries,164,0.01293743,0.01154630,16663
place_burger_fries,165,0.01471205,0.01166514,16764
place_burger_fries,166,0.01319876,0.01148494,16865
place_burger_fries,167,0.01253105,0.01507247,16966
place_burger_fries,168,0.01342417,0.01076996,17067
place_burger_fries,169,0.01370646,0.01378797,17168
place_burger_fries,170,0.01283200,0.01177253,17269
place_burger_fries,171,0.01118896,0.01040983,17370
place_burger_fries,172,0.01250189,0.01088732,17471
place_burger_fries,173,0.01388075,0.00995437,17572
place_burger_fries,174,0.01369059,0.01158804,17673
place_burger_fries,175,0.01122896,0.00893347,17774
place_burger_fries,176,0.01159540,0.01416507,17875
place_burger_fries,177,0.01129216,0.00936281,17976
place_burger_fries,178,0.01200648,0.01215654,18077
place_burger_fries,179,0.01152480,0.01122884,18178
place_burger_fries,180,0.01440143,0.01244524,18279
place_burger_fries,181,0.01294810,0.01241461,18380
place_burger_fries,182,0.01146309,0.01400526,18481
place_burger_fries,183,0.01035405,0.01494745,18582
place_burger_fries,184,0.01135521,0.00939784,18683
place_burger_fries,185,0.01270560,0.01273980,18784
place_burger_fries,186,0.01167330,0.01264716,18885
place_burger_fries,187,0.01175353,0.01277111,18986
place_burger_fries,188,0.01161629,0.01538193,19087
place_burger_fries,189,0.01072810,0.01229417,19188
place_burger_fries,190,0.01244014,0.01006736,19289
place_burger_fries,191,0.01031667,0.01159405,19390
place_burger_fries,192,0.01244567,0.01263823,19491
place_burger_fries,193,0.01105742,0.01076149,19592
place_burger_fries,194,0.01330397,0.01471786,19693
place_burger_fries,195,0.01284087,0.01308812,19794
place_burger_fries,196,0.01102379,0.01212597,19895
place_burger_fries,197,0.01120251,0.00842944,19996
place_burger_fries,198,0.01223137,0.00954538,20097
place_burger_fries,199,0.01116130,0.00975617,20198
