index,time_s,target_x,target_y,target_z,ee_x,ee_y,ee_z,panda_joint1,panda_joint2,panda_joint3,panda_joint4,panda_joint5,panda_joint6,panda_joint7,panda_finger_joint1,panda_finger_joint2,position_error_m
0,0.000000,0.440000,-0.240000,0.340000,0.440000,-0.239993,0.339996,-0.304499,-0.017152,-0.194658,-2.343454,-0.004556,2.326624,0.289394,0.035000,0.035000,0.00000829
1,0.033333,0.440480,-0.239904,0.340480,0.440474,-0.239905,0.340474,-0.304198,-0.016910,-0.194350,-2.341741,-0.004481,2.325144,0.289946,0.035000,0.035000,0.00000911
2,0.066667,0.441885,-0.239623,0.341885,0.441878,-0.239625,0.341878,-0.303293,-0.016188,-0.193423,-2.336704,-0.004253,2.320813,0.291605,0.035000,0.035000,0.00000909
3,0.100000,0.444156,-0.239169,0.344156,0.444149,-0.239170,0.344149,-0.301838,-0.014959,-0.191936,-2.328504,-0.003875,2.313816,0.294267,0.035000,0.035000,0.00000985
4,0.133333,0.447240,-0.238552,0.347240,0.447233,-0.238553,0.347233,-0.299880,-0.013174,-0.189939,-2.317273,-0.003348,2.304334,0.297837,0.035000,0.035000,0.00000948
5,0.166667,0.451079,-0.237784,0.351079,0.451072,-0.237786,0.351072,-0.297470,-0.010764,-0.187490,-2.303130,-0.002673,2.292553,0.302215,0.035000,0.035000,0.00000999
6,0.200000,0.455617,-0.236877,0.355617,0.455611,-0.236878,0.355611,-0.294660,-0.007649,-0.184647,-2.286175,-0.001848,2.278655,0.307298,0.035000,0.035000,0.00000947
7,0.233333,0.460800,-0.235840,0.360800,0.460793,-0.235841,0.360793,-0.291506,-0.003748,-0.181470,-2.266509,-0.000878,2.262823,0.312984,0.035000,0.035000,0.00000972
8,0.266667,0.466570,-0.234686,0.366570,0.466564,-0.234687,0.366563,-0.288061,0.001026,-0.178019,-2.244220,0.000233,2.245230,0.319174,0.035000,0.035000,0.00000959
9,0.300000,0.472872,-0.233426,0.372872,0.472866,-0.233427,0.372866,-0.284378,0.006748,-0.174351,-2.219399,0.001476,2.226045,0.325773,0.035000,0.035000,0.00000954
10,0.333333,0.479650,-0.232070,0.379650,0.479644,-0.232071,0.379644,-0.280511,0.013490,-0.170523,-2.192138,0.002843,2.205430,0.332694,0.035000,0.035000,0.00000902
11,0.366667,0.486848,-0.230630,0.386848,0.486841,-0.230632,0.386841,-0.276509,0.021306,-0.166590,-2.162534,0.004318,2.183542,0.339853,0.035000,0.035000,0.00000982
12,0.400000,0.494409,-0.229118,0.394409,0.494403,-0.229120,0.394403,-0.272421,0.030245,-0.162599,-2.130683,0.005890,2.160521,0.347175,0.035000,0.035000,0.00000912
13,0.433333,0.502279,-0.227544,0.402279,0.502272,-0.227546,0.402272,-0.268294,0.040332,-0.158597,-2.096698,0.007543,2.136511,0.354591,0.035000,0.035000,0.00000957
14,0.466667,0.510400,-0.225920,0.410400,0.510393,-0.225921,0.410393,-0.264169,0.051583,-0.154623,-2.060690,0.009263,2.111639,0.362039,0.035000,0.035000,0.00000986
15,0.500000,0.518717,-0.224257,0.418717,0.518711,-0.224258,0.418711,-0.260085,0.063998,-0.150715,-2.022781,0.011035,2.086029,0.369464,0.035000,0.035000,0.00000904
16,0.533333,0.527174,-0.222565,0.427174,0.527168,-0.222567,0.427168,-0.256081,0.077557,-0.146903,-1.983114,0.012847,2.059804,0.376813,0.035000,0.035000,0.00000918
17,0.566667,0.535715,-0.220857,0.435715,0.535709,-0.220858,0.435709,-0.252190,0.092227,-0.143215,-1.941833,0.014686,2.033078,0.384044,0.035000,0.035000,0.00000943
18,0.600000,0.544285,-0.219143,0.444285,0.544278,-0.219144,0.444278,-0.248441,0.107959,-0.139671,-1.899102,0.016543,2.005965,0.391114,0.035000,0.035000,0.00000933
19,0.633333,0.552826,-0.217435,0.452826,0.552819,-0.217436,0.452819,-0.244863,0.124687,-0.136290,-1.855099,0.018408,1.978580,0.397990,0.035000,0.035000,0.00000943
20,0.666667,0.561283,-0.215743,0.461283,0.561276,-0.215745,0.461276,-0.241481,0.142329,-0.133085,-1.810026,0.020271,1.951042,0.404638,0.035000,0.035000,0.00000920
21,0.700000,0.569600,-0.214080,0.469600,0.569594,-0.214081,0.469594,-0.238316,0.160782,-0.130067,-1.764106,0.022127,1.923474,0.411031,0.035000,0.035000,0.00000901
22,0.733333,0.577721,-0.212456,0.477721,0.577715,-0.212457,0.477714,-0.235388,0.179925,-0.127242,-1.717598,0.023968,1.896012,0.417141,0.035000,0.035000,0.00000983
23,0.766667,0.585591,-0.210882,0.485591,0.585584,-0.210883,0.485584,-0.232713,0.199616,-0.124615,-1.670783,0.025786,1.868798,0.422948,0.035000,0.035000,0.00000945
24,0.800000,0.593152,-0.209370,0.493152,0.593146,-0.209371,0.493146,-0.230303,0.219684,-0.122187,-1.623998,0.027572,1.841998,0.428428,0.035000,0.035000,0.00000928
25,0.833333,0.600350,-0.207930,0.500350,0.600343,-0.207931,0.500343,-0.228168,0.239928,-0.119960,-1.577633,0.029318,1.815801,0.433562,0.035000,0.035000,0.00000952
26,0.866667,0.607128,-0.206574,0.507128,0.607121,-0.206576,0.507121,-0.226311,0.260117,-0.117932,-1.532127,0.031011,1.790415,0.438329,0.035000,0.035000,0.00000900
27,0.900000,0.613430,-0.205314,0.513430,0.613423,-0.205316,0.513423,-0.224733,0.279971,-0.116102,-1.488013,0.032636,1.766093,0.442710,0.035000,0.035000,0.00000943
28,0.933333,0.619200,-0.204160,0.519200,0.619193,-0.204161,0.519193,-0.223426,0.299170,-0.114470,-1.445893,0.034176,1.743120,0.446683,0.035000,0.035000,0.00000947
29,0.966667,0.624383,-0.203123,0.524383,0.624376,-0.203125,0.524376,-0.222377,0.317343,-0.113035,-1.406471,0.035609,1.721827,0.450226,0.035000,0.035000,0.00000961
30,1.000000,0.628921,-0.202216,0.528921,0.628915,-0.202217,0.528915,-0.221567,0.334066,-0.111798,-1.370549,0.036909,1.702591,0.453313,0.035000,0.035000,0.00000937
31,1.033333,0.632760,-0.201448,0.532760,0.632754,-0.201449,0.532754,-0.220969,0.348862,-0.110765,-1.339029,0.038046,1.685838,0.455917,0.035000,0.035000,0.00000969
32,1.066667,0.635844,-0.200831,0.535844,0.635837,-0.200833,0.535837,-0.220553,0.361225,-0.109942,-1.312871,0.038987,1.672022,0.458005,0.035000,0.035000,0.00000954
33,1.100000,0.638115,-0.200377,0.538115,0.638109,-0.200378,0.538109,-0.220286,0.370629,-0.109339,-1.293077,0.039698,1.661617,0.459543,0.035000,0.035000,0.00000972
34,1.133333,0.639520,-0.200096,0.539520,0.639513,-0.200098,0.539513,-0.220138,0.376577,-0.108966,-1.280601,0.040145,1.655081,0.460493,0.035000,0.035000,0.00000913
35,1.166667,0.640000,-0.200000,0.540000,0.639994,-0.200001,0.539993,-0.220091,0.378637,-0.108839,-1.276289,0.040300,1.652825,0.460819,0.035000,0.035000,0.00000920
36,1.200000,0.640096,-0.199520,0.539760,0.640094,-0.199528,0.539764,-0.219504,0.378317,-0.108610,-1.277346,0.040185,1.653572,0.461586,0.035000,0.035000,0.00001001
37,1.233333,0.640377,-0.198115,0.539058,0.640375,-0.198124,0.539062,-0.217760,0.377298,-0.107930,-1.280640,0.039840,1.655876,0.463860,0.035000,0.035000,0.00000920
38,1.266667,0.640831,-0.195844,0.537922,0.640830,-0.195852,0.537926,-0.214949,0.375697,-0.106828,-1.285894,0.039288,1.659576,0.467536,0.035000,0.035000,0.00000965
39,1.300000,0.641448,-0.192760,0.536380,0.641446,-0.192769,0.536385,-0.211150,0.373617,-0.105325,-1.292885,0.038550,1.664548,0.472531,0.035000,0.035000,0.00000978
40,1.333333,0.642216,-0.188921,0.534461,0.642214,-0.188930,0.534465,-0.206448,0.371172,-0.103442,-1.301366,0.037649,1.670659,0.478753,0.035000,0.035000,0.00000974
41,1.366667,0.643123,-0.184383,0.532191,0.643122,-0.184391,0.532196,-0.200925,0.368486,-0.101200,-1.311080,0.036608,1.677775,0.486114,0.035000,0.035000,0.00000930
42,1.400000,0.644160,-0.179200,0.529600,0.644159,-0.179208,0.529604,-0.194667,0.365684,-0.098623,-1.321768,0.035451,1.685757,0.494523,0.035000,0.035000,0.00000952
43,1.433333,0.645314,-0.173430,0.526715,0.645312,-0.173438,0.526719,-0.187752,0.362888,-0.095733,-1.333180,0.034199,1.694476,0.503892,0.035000,0.035000,0.00000962
44,1.466667,0.646574,-0.167128,0.523564,0.646573,-0.167136,0.523568,-0.180261,0.360213,-0.092555,-1.345075,0.032873,1.703804,0.514130,0.035000,0.035000,0.00000939
45,1.500000,0.647930,-0.160350,0.520175,0.647929,-0.160358,0.520179,-0.172270,0.357765,-0.089115,-1.357224,0.031491,1.713617,0.525145,0.035000,0.035000,0.00000916
46,1.533333,0.649370,-0.153152,0.516576,0.649368,-0.153161,0.516580,-0.163852,0.355639,-0.085442,-1.369419,0.030070,1.723799,0.536843,0.035000,0.035000,0.00000971
47,1.566667,0.650882,-0.145591,0.512795,0.650881,-0.145599,0.512799,-0.155075,0.353918,-0.081565,-1.381474,0.028622,1.734245,0.549135,0.035000,0.035000,0.00000906
48,1.600000,0.652456,-0.137721,0.508861,0.652454,-0.137730,0.508865,-0.146008,0.352670,-0.077516,-1.393217,0.027161,1.744850,0.561923,0.035000,0.035000,0.00000945
49,1.633333,0.654080,-0.129600,0.504800,0.654078,-0.129609,0.504804,-0.136714,0.351947,-0.073327,-1.404505,0.025695,1.755522,0.575117,0.035000,0.035000,0.00000985
50,1.666667,0.655743,-0.121283,0.500641,0.655742,-0.121291,0.500645,-0.127253,0.351788,-0.069034,-1.415214,0.024232,1.766175,0.588622,0.035000,0.035000,0.00000895
51,1.700000,0.657435,-0.112826,0.496413,0.657434,-0.112834,0.496417,-0.117688,0.352215,-0.064669,-1.425239,0.022777,1.776725,0.602343,0.035000,0.035000,0.00000921
52,1.733333,0.659143,-0.104285,0.492142,0.659142,-0.104293,0.492146,-0.108075,0.353238,-0.060270,-1.434499,0.021336,1.787100,0.616186,0.035000,0.035000,0.00000924
53,1.766667,0.660857,-0.095715,0.487858,0.660856,-0.095724,0.487862,-0.098472,0.354847,-0.055870,-1.442935,0.019911,1.797231,0.630059,0.035000,0.035000,0.00000934
54,1.800000,0.662565,-0.087174,0.483587,0.662564,-0.087183,0.483591,-0.088936,0.357023,-0.051505,-1.450507,0.018507,1.807057,0.643868,0.035000,0.035000,0.00000925
55,1.833333,0.664257,-0.078717,0.479359,0.664255,-0.078725,0.479363,-0.079521,0.359729,-0.047208,-1.457194,0.017127,1.816521,0.657520,0.035000,0.035000,0.00000924
56,1.866667,0.665920,-0.070400,0.475200,0.665919,-0.070408,0.475204,-0.070284,0.362918,-0.043013,-1.462993,0.015775,1.825574,0.670924,0.035000,0.035000,0.00000901
57,1.900000,0.667544,-0.062279,0.471139,0.667543,-0.062287,0.471144,-0.061282,0.366528,-0.038951,-1.467921,0.014454,1.834169,0.683986,0.035000,0.035000,0.00000987
58,1.933333,0.669118,-0.054409,0.467205,0.669117,-0.054418,0.467209,-0.052571,0.370488,-0.035051,-1.472011,0.013171,1.842270,0.696621,0.035000,0.035000,0.00000954
59,1.966667,0.670630,-0.046848,0.463424,0.670629,-0.046856,0.463428,-0.044207,0.374717,-0.031342,-1.475309,0.011931,1.849840,0.708736,0.035000,0.035000,0.00000911
60,2.000000,0.672070,-0.039650,0.459825,0.672068,-0.039659,0.459830,-0.036252,0.379122,-0.027850,-1.477877,0.010743,1.856850,0.720242,0.035000,0.035000,0.00000978
61,2.033333,0.673426,-0.032872,0.456436,0.673424,-0.032880,0.456440,-0.028761,0.383607,-0.024598,-1.479788,0.009614,1.863277,0.731055,0.035000,0.035000,0.00000914
62,2.066667,0.674686,-0.026570,0.453285,0.674684,-0.026579,0.453289,-0.021796,0.388066,-0.021609,-1.481124,0.008554,1.869098,0.741086,0.035000,0.035000,0.00000944
63,2.100000,0.675840,-0.020800,0.450400,0.675839,-0.020808,0.450404,-0.015417,0.392392,-0.018903,-1.481977,0.007574,1.874298,0.750251,0.035000,0.035000,0.00000958
64,2.133333,0.676877,-0.015617,0.447809,0.676875,-0.015626,0.447813,-0.009686,0.396475,-0.016499,-1.482440,0.006686,1.878860,0.758466,0.035000,0.035000,0.00000960
65,2.166667,0.677784,-0.011079,0.445539,0.677783,-0.011087,0.445544,-0.004663,0.400202,-0.014415,-1.482611,0.005901,1.882771,0.765647,0.035000,0.035000,0.00000930
66,2.200000,0.678552,-0.007240,0.443620,0.678550,-0.007248,0.443624,-0.000414,0.403464,-0.012669,-1.482585,0.005232,1.886016,0.771710,0.035000,0.035000,0.00000958
67,2.233333,0.679169,-0.004156,0.442078,0.679167,-0.004165,0.442082,0.003001,0.406157,-0.011278,-1.482451,0.004690,1.888581,0.776573,0.035000,0.035000,0.00000964
68,2.266667,0.679623,-0.001885,0.440942,0.679622,-0.001893,0.440947,0.005517,0.408183,-0.010259,-1.482286,0.004290,1.890447,0.780151,0.035000,0.035000,0.00000976
69,2.300000,0.679904,-0.000480,0.440240,0.679902,-0.000488,0.440244,0.007074,0.409453,-0.009632,-1.482158,0.004041,1.891591,0.782362,0.035000,0.035000,0.00000898
70,2.333333,0.680000,0.000000,0.440000,0.679999,-0.000008,0.440004,0.007607,0.409890,-0.009418,-1.482109,0.003955,1.891980,0.783118,0.035000,0.035000,0.00000903
71,2.366667,0.679760,0.000577,0.440432,0.679763,0.000570,0.440427,0.008255,0.408879,-0.009165,-1.482556,0.003840,1.891418,0.784033,0.035000,0.035000,0.00000918
72,2.400000,0.679058,0.002261,0.441696,0.679061,0.002254,0.441691,0.010145,0.405885,-0.008423,-1.483852,0.003502,1.889722,0.786706,0.035000,0.035000,0.00000933
73,2.433333,0.677922,0.004988,0.443741,0.677925,0.004980,0.443735,0.013199,0.401093,-0.007210,-1.485859,0.002962,1.886941,0.791039,0.035000,0.035000,0.00000973
74,2.466667,0.676380,0.008688,0.446516,0.676383,0.008680,0.446510,0.017340,0.394691,-0.005537,-1.488405,0.002238,1.883090,0.796939,0.035000,0.035000,0.00000982
75,2.500000,0.674461,0.013294,0.449971,0.674464,0.013287,0.449965,0.022485,0.386889,-0.003414,-1.491289,0.001351,1.878175,0.804312,0.035000,0.035000,0.00000990
76,2.533333,0.672191,0.018741,0.454056,0.672194,0.018734,0.454050,0.028555,0.377905,-0.000846,-1.494292,0.000327,1.872196,0.813071,0.035000,0.035000,0.00000944
77,2.566667,0.669600,0.024960,0.458720,0.669603,0.024953,0.458714,0.035470,0.367968,0.002162,-1.497185,-0.000813,1.865152,0.823121,0.035000,0.035000,0.00000980
78,2.600000,0.666715,0.031884,0.463913,0.666718,0.031877,0.463908,0.043149,0.357307,0.005602,-1.499740,-0.002042,1.857041,0.834373,0.035000,0.035000,0.00000968
79,2.633333,0.663564,0.039447,0.469585,0.663567,0.039440,0.469580,0.051516,0.346155,0.009467,-1.501730,-0.003339,1.847870,0.846733,0.035000,0.035000,0.00000932
80,2.666667,0.660175,0.047580,0.475685,0.660178,0.047573,0.475680,0.060494,0.334737,0.013744,-1.502945,-0.004681,1.837650,0.860108,0.035000,0.035000,0.00000915
81,2.700000,0.656576,0.056217,0.482163,0.656579,0.056210,0.482157,0.070008,0.323274,0.018417,-1.503187,-0.006047,1.826405,0.874399,0.035000,0.035000,0.00000973
82,2.733333,0.652795,0.065291,0.488968,0.652798,0.065284,0.488963,0.079988,0.311974,0.023466,-1.502280,-0.007421,1.814167,0.889509,0.035000,0.035000,0.00000924
83,2.766667,0.648861,0.074734,0.496051,0.648864,0.074727,0.496045,0.090363,0.301037,0.028863,-1.500072,-0.008789,1.800982,0.905332,0.035000,0.035000,0.00000969
84,2.800000,0.644800,0.084480,0.503360,0.644803,0.084473,0.503354,0.101067,0.290642,0.034576,-1.496439,-0.010143,1.786906,0.921767,0.035000,0.035000,0.00000988
85,2.833333,0.640641,0.094461,0.510845,0.640645,0.094454,0.510840,0.112037,0.280955,0.040568,-1.491283,-0.011477,1.772005,0.938708,0.035000,0.035000,0.00000922
86,2.866667,0.636413,0.104609,0.518457,0.636416,0.104602,0.518452,0.123208,0.272119,0.046795,-1.484539,-0.012793,1.756360,0.956043,0.035000,0.035000,0.00000926
87,2.900000,0.632142,0.114859,0.526144,0.632145,0.114852,0.526139,0.134523,0.264257,0.053211,-1.476176,-0.014094,1.740059,0.973662,0.035000,0.035000,0.00000936
88,2.933333,0.627858,0.125141,0.533856,0.627861,0.125134,0.533851,0.145920,0.257468,0.059763,-1.466192,-0.015387,1.723202,0.991452,0.035000,0.035000,0.00000940
89,2.966667,0.623587,0.135391,0.541543,0.623590,0.135384,0.541538,0.157344,0.251824,0.066396,-1.454623,-0.016685,1.705897,1.009298,0.035000,0.035000,0.00000929
90,3.000000,0.619359,0.145539,0.549155,0.619362,0.145532,0.549149,0.168734,0.247373,0.073054,-1.441540,-0.017997,1.688261,1.027080,0.035000,0.035000,0.00000929
91,3.033333,0.615200,0.155520,0.556640,0.615203,0.155513,0.556635,0.180032,0.244132,0.079677,-1.427052,-0.019336,1.670421,1.044678,0.035000,0.035000,0.00000911
92,3.066667,0.611139,0.165266,0.563949,0.611143,0.165258,0.563944,0.191176,0.242090,0.086204,-1.411304,-0.020711,1.652513,1.061967,0.035000,0.035000,0.00000982
93,3.100000,0.607205,0.174709,0.571032,0.607208,0.174702,0.571026,0.202102,0.241209,0.092575,-1.394479,-0.022129,1.634679,1.078823,0.035000,0.035000,0.00000964
94,3.133333,0.603424,0.183783,0.577837,0.603427,0.183776,0.577832,0.212739,0.241416,0.098731,-1.376804,-0.023593,1.617076,1.095115,0.035000,0.035000,0.00000934
95,3.166667,0.599825,0.192420,0.584315,0.599828,0.192412,0.584309,0.223013,0.242613,0.104610,-1.358545,-0.025099,1.599873,1.110710,0.035000,0.035000,0.00000972
96,3.200000,0.596436,0.200553,0.590415,0.596439,0.200546,0.590410,0.232843,0.244667,0.110158,-1.340008,-0.026635,1.583246,1.125475,0.035000,0.035000,0.00000919
97,3.233333,0.593285,0.208116,0.596087,0.593288,0.208109,0.596081,0.242134,0.247420,0.115317,-1.321547,-0.028183,1.567390,1.139271,0.035000,0.035000,0.00000939
98,3.266667,0.590400,0.215040,0.601280,0.590403,0.215033,0.601274,0.250789,0.250685,0.120036,-1.303550,-0.029715,1.552513,1.151962,0.035000,0.035000,0.00000977
99,3.300000,0.587809,0.221259,0.605944,0.587812,0.221252,0.605939,0.258696,0.254252,0.124265,-1.286448,-0.031196,1.538837,1.163406,0.035000,0.035000,0.00000966
100,3.333333,0.585539,0.226706,0.610029,0.585543,0.226699,0.610024,0.265738,0.257890,0.127957,-1.270700,-0.032583,1.526597,1.173465,0.035000,0.035000,0.00000922
101,3.366667,0.583620,0.231312,0.613484,0.583623,0.231305,0.613479,0.271786,0.261359,0.131069,-1.256793,-0.033828,1.516041,1.181998,0.035000,0.035000,0.00000980
102,3.400000,0.582078,0.235012,0.616259,0.582081,0.235005,0.616254,0.276711,0.264414,0.133559,-1.245214,-0.034878,1.507419,1.188868,0.035000,0.035000,0.00000970
103,3.433333,0.580942,0.237739,0.618304,0.580946,0.237731,0.618299,0.280380,0.266824,0.135387,-1.236441,-0.035683,1.500980,1.193939,0.035000,0.035000,0.00000976
104,3.466667,0.580240,0.239423,0.619568,0.580243,0.239416,0.619562,0.282666,0.268383,0.136515,-1.230911,-0.036194,1.496962,1.197078,0.035000,0.035000,0.00000916
105,3.500000,0.580000,0.240000,0.620000,0.580003,0.239993,0.619995,0.283451,0.268928,0.136900,-1.229000,-0.036371,1.495580,1.198153,0.035000,0.035000,0.00000920
106,3.533333,0.579616,0.239856,0.619712,0.579623,0.239859,0.619717,0.283234,0.266860,0.136892,-1.232685,-0.036092,1.497212,1.198081,0.035000,0.035000,0.00000936
107,3.566667,0.578492,0.239435,0.618869,0.578500,0.239437,0.618875,0.282571,0.260739,0.136851,-1.243617,-0.035260,1.502069,1.197827,0.035000,0.035000,0.00000955
108,3.600000,0.576675,0.238753,0.617506,0.576683,0.238756,0.617512,0.281538,0.250996,0.136776,-1.261003,-0.033935,1.509786,1.197407,0.035000,0.035000,0.00001007
109,3.633333,0.574208,0.237828,0.615656,0.574216,0.237831,0.615662,0.280209,0.238065,0.136659,-1.284046,-0.032174,1.520000,1.196823,0.035000,0.035000,0.00001020
110,3.666667,0.571137,0.236676,0.613353,0.571145,0.236679,0.613359,0.278664,0.222406,0.136490,-1.311907,-0.030040,1.532328,1.196075,0.035000,0.035000,0.00001007
111,3.700000,0.567506,0.235315,0.610630,0.567513,0.235317,0.610635,0.276981,0.204457,0.136263,-1.343775,-0.027592,1.546398,1.195165,0.035000,0.035000,0.00000965
112,3.733333,0.563360,0.233760,0.607520,0.563368,0.233763,0.607526,0.275234,0.184637,0.135972,-1.378886,-0.024890,1.561859,1.194097,0.035000,0.035000,0.00001003
113,3.766667,0.558744,0.232029,0.604058,0.558751,0.232032,0.604064,0.273484,0.163314,0.135613,-1.416559,-0.021984,1.578398,1.192880,0.035000,0.035000,0.00000994
114,3.800000,0.553702,0.230138,0.600277,0.553710,0.230141,0.600282,0.271787,0.140818,0.135188,-1.456191,-0.018923,1.595736,1.191522,0.035000,0.035000,0.00000984
115,3.833333,0.548280,0.228105,0.596210,0.548287,0.228108,0.596215,0.270184,0.117437,0.134697,-1.497254,-0.015750,1.613631,1.190038,0.035000,0.035000,0.00000946
116,3.866667,0.542522,0.225946,0.591891,0.542530,0.225948,0.591897,0.268711,0.093422,0.134147,-1.539287,-0.012500,1.631870,1.188441,0.035000,0.035000,0.00001002
117,3.900000,0.536473,0.223677,0.587354,0.536480,0.223680,0.587360,0.267390,0.068983,0.133543,-1.581911,-0.009207,1.650278,1.186749,0.035000,0.035000,0.00000959
118,3.933333,0.530177,0.221316,0.582633,0.530185,0.221319,0.582639,0.266240,0.044312,0.132892,-1.624774,-0.005898,1.668694,1.184978,0.035000,0.035000,0.00001001
119,3.966667,0.523680,0.218880,0.577760,0.523688,0.218883,0.577766,0.265270,0.019570,0.132203,-1.667588,-0.002597,1.686987,1.183148,0.035000,0.035000,0.00001033
120,4.000000,0.517026,0.216385,0.572770,0.517033,0.216387,0.572775,0.264485,-0.005101,0.131485,-1.710099,0.000675,1.705042,1.181275,0.035000,0.035000,0.00000952
121,4.033333,0.510261,0.213848,0.567695,0.510268,0.213850,0.567701,0.263883,-0.029566,0.130745,-1.752070,0.003899,1.722755,1.179380,0.035000,0.035000,0.00000953
122,4.066667,0.503428,0.211285,0.562571,0.503435,0.211288,0.562576,0.263460,-0.053710,0.129994,-1.793300,0.007060,1.740038,1.177478,0.035000,0.035000,0.00000959
123,4.100000,0.496572,0.208715,0.557429,0.496580,0.208717,0.557435,0.263208,-0.077427,0.129239,-1.833606,0.010144,1.756813,1.175586,0.035000,0.035000,0.00000963
124,4.133333,0.489739,0.206152,0.552305,0.489747,0.206155,0.552310,0.263115,-0.100614,0.128489,-1.872817,0.013139,1.773011,1.173720,0.035000,0.035000,0.00000961
125,4.166667,0.482974,0.203615,0.547230,0.482981,0.203618,0.547236,0.263169,-0.123174,0.127751,-1.910775,0.016032,1.788568,1.171896,0.035000,0.035000,0.00000942
126,4.200000,0.476320,0.201120,0.542240,0.476327,0.201123,0.542245,0.263354,-0.145013,0.127032,-1.947329,0.018815,1.803428,1.170126,0.035000,0.035000,0.00000941
127,4.233333,0.469823,0.198684,0.537367,0.469831,0.198687,0.537373,0.263654,-0.166037,0.126338,-1.982331,0.021477,1.817539,1.168424,0.035000,0.035000,0.00001020
128,4.266667,0.463527,0.196323,0.532646,0.463535,0.196326,0.532651,0.264050,-0.186159,0.125675,-2.015652,0.024009,1.830856,1.166800,0.035000,0.035000,0.00000996
129,4.300000,0.457478,0.194054,0.528109,0.457486,0.194057,0.528114,0.264525,-0.205281,0.125048,-2.047148,0.026401,1.843335,1.165264,0.035000,0.035000,0.00000938
130,4.333333,0.451720,0.191895,0.523790,0.451728,0.191898,0.523796,0.265059,-0.223308,0.124462,-2.076681,0.028644,1.854934,1.163827,0.035000,0.035000,0.00000994
131,4.366667,0.446298,0.189862,0.519723,0.446305,0.189864,0.519729,0.265631,-0.240147,0.123919,-2.104122,0.030729,1.865617,1.162496,0.035000,0.035000,0.00000945
132,4.400000,0.441256,0.187971,0.515942,0.441264,0.187974,0.515948,0.266222,-0.255691,0.123424,-2.129326,0.032644,1.875345,1.161279,0.035000,0.035000,0.00000986
133,4.433333,0.436640,0.186240,0.512480,0.436648,0.186243,0.512486,0.266812,-0.269841,0.122979,-2.152156,0.034381,1.884083,1.160182,0.035000,0.035000,0.00000983
134,4.466667,0.432494,0.184685,0.509370,0.432502,0.184688,0.509376,0.267380,-0.282487,0.122587,-2.172468,0.035927,1.891798,1.159212,0.035000,0.035000,0.00000993
135,4.500000,0.428863,0.183324,0.506647,0.428870,0.183326,0.506653,0.267907,-0.293520,0.122248,-2.190115,0.037272,1.898451,1.158373,0.035000,0.035000,0.00000961
136,4.533333,0.425792,0.182172,0.504344,0.425799,0.182175,0.504349,0.268373,-0.302821,0.121966,-2.204936,0.038403,1.904003,1.157673,0.035000,0.035000,0.00000997
137,4.566667,0.423325,0.181247,0.502494,0.423333,0.181250,0.502500,0.268762,-0.310274,0.121743,-2.216777,0.039307,1.908415,1.157117,0.035000,0.035000,0.00001006
138,4.600000,0.421508,0.180565,0.501131,0.421515,0.180568,0.501137,0.269056,-0.315755,0.121580,-2.225463,0.039971,1.911637,1.156710,0.035000,0.035000,0.00001009
139,4.633333,0.420384,0.180144,0.500288,0.420392,0.180147,0.500294,0.269241,-0.319141,0.121480,-2.230819,0.040381,1.913617,1.156460,0.035000,0.035000,0.00000966
140,4.666667,0.420000,0.180000,0.500000,0.420007,0.180003,0.500005,0.269305,-0.320298,0.121446,-2.232649,0.040521,1.914293,1.156375,0.035000,0.035000,0.00000963
141,4.700000,0.420192,0.179568,0.500529,0.420190,0.179573,0.500522,0.268926,-0.320490,0.120819,-2.231529,0.040317,1.912963,1.155512,0.035000,0.035000,0.00000938
142,4.733333,0.420754,0.178304,0.502073,0.420751,0.178310,0.502066,0.267802,-0.320974,0.118966,-2.228094,0.039703,1.908991,1.152964,0.035000,0.035000,0.00000965
143,4.766667,0.421663,0.176259,0.504572,0.421660,0.176265,0.504565,0.265987,-0.321689,0.115975,-2.222472,0.038705,1.902569,1.148847,0.035000,0.035000,0.00000908
144,4.800000,0.422896,0.173484,0.507964,0.422893,0.173490,0.507957,0.263531,-0.322527,0.111932,-2.214722,0.037345,1.893868,1.143273,0.035000,0.035000,0.00000920
145,4.833333,0.424431,0.170029,0.512187,0.424429,0.170035,0.512180,0.260488,-0.323358,0.106925,-2.204879,0.035642,1.883056,1.136355,0.035000,0.035000,0.00000924
146,4.866667,0.426247,0.165944,0.517179,0.426244,0.165950,0.517172,0.256911,-0.324040,0.101043,-2.192963,0.033620,1.870304,1.128203,0.035000,0.035000,0.00000982
147,4.900000,0.428320,0.161280,0.522880,0.428318,0.161286,0.522873,0.252855,-0.324422,0.094374,-2.178985,0.031306,1.855776,1.118927,0.035000,0.035000,0.00000902
148,4.933333,0.430628,0.156087,0.529227,0.430626,0.156093,0.529221,0.248377,-0.324352,0.087011,-2.162960,0.028731,1.839645,1.108637,0.035000,0.035000,0.00000908
149,4.966667,0.433149,0.150415,0.536160,0.433146,0.150421,0.536152,0.243534,-0.323687,0.079044,-2.144900,0.025932,1.822074,1.097438,0.035000,0.035000,0.00000985
150,5.000000,0.435860,0.144315,0.543615,0.435858,0.144321,0.543608,0.238382,-0.322290,0.070558,-2.124819,0.022949,1.803218,1.085430,0.035000,0.035000,0.00000949
151,5.033333,0.438739,0.137837,0.551533,0.438737,0.137843,0.551526,0.232977,-0.320039,0.061640,-2.102746,0.019827,1.783234,1.072712,0.035000,0.035000,0.00000908
152,5.066667,0.441764,0.131032,0.559850,0.441761,0.131038,0.559843,0.227373,-0.316829,0.052372,-2.078721,0.016614,1.762272,1.059380,0.035000,0.035000,0.00000961
153,5.100000,0.444911,0.123949,0.568507,0.444909,0.123955,0.568499,0.221621,-0.312576,0.042834,-2.052794,0.013360,1.740472,1.045524,0.035000,0.035000,0.00001008
154,5.133333,0.448160,0.116640,0.577440,0.448158,0.116646,0.577433,0.215767,-0.307212,0.033097,-2.025031,0.010116,1.717969,1.031231,0.035000,0.035000,0.00000939
155,5.166667,0.451487,0.109155,0.586589,0.451485,0.109160,0.586582,0.209856,-0.300697,0.023235,-1.995519,0.006935,1.694895,1.016589,0.035000,0.035000,0.00000938
156,5.200000,0.454870,0.101543,0.595892,0.454867,0.101549,0.595885,0.203925,-0.293011,0.013312,-1.964360,0.003864,1.671373,1.001680,0.035000,0.035000,0.00000962
157,5.233333,0.458286,0.093856,0.605287,0.458284,0.093862,0.605280,0.198007,-0.284155,0.003390,-1.931676,0.000953,1.647523,0.986587,0.035000,0.035000,0.00000956
158,5.266667,0.461714,0.086144,0.614713,0.461711,0.086150,0.614706,0.192131,-0.274155,-0.006473,-1.897610,-0.001755,1.623460,0.971390,0.035000,0.035000,0.00000975
159,5.300000,0.465130,0.078457,0.624108,0.465128,0.078463,0.624101,0.186320,-0.263061,-0.016223,-1.862329,-0.004220,1.599301,0.956174,0.035000,0.035000,0.00000980
160,5.333333,0.468513,0.070845,0.633411,0.468511,0.070851,0.633404,0.180594,-0.250942,-0.025808,-1.826022,-0.006408,1.575160,0.941020,0.035000,0.035000,0.00000967
161,5.366667,0.471840,0.063360,0.642560,0.471838,0.063366,0.642553,0.174968,-0.237895,-0.035179,-1.788908,-0.008290,1.551155,0.926015,0.035000,0.035000,0.00000940
162,5.400000,0.475089,0.056051,0.651493,0.475086,0.056057,0.651487,0.169458,-0.224037,-0.044287,-1.751234,-0.009845,1.527411,0.911248,0.035000,0.035000,0.00000919
163,5.433333,0.478236,0.048968,0.660150,0.478234,0.048974,0.660143,0.164077,-0.209511,-0.053084,-1.713281,-0.011060,1.504061,0.896812,0.035000,0.035000,0.00000887
164,5.466667,0.481261,0.042163,0.668467,0.481258,0.042169,0.668460,0.158840,-0.194489,-0.061520,-1.675374,-0.011930,1.481249,0.882808,0.035000,0.035000,0.00000934
165,5.500000,0.484140,0.035685,0.676385,0.484138,0.035691,0.676378,0.153767,-0.179165,-0.069547,-1.637866,-0.012462,1.459133,0.869339,0.035000,0.035000,0.00000906
166,5.533333,0.486851,0.029585,0.683840,0.486849,0.029591,0.683833,0.148882,-0.163769,-0.077110,-1.601174,-0.012672,1.437893,0.856518,0.035000,0.035000,0.00000946
167,5.566667,0.489372,0.023913,0.690773,0.489369,0.023919,0.690766,0.144218,-0.148558,-0.084154,-1.565755,-0.012589,1.417727,0.844465,0.035000,0.035000,0.00000965
168,5.600000,0.491680,0.018720,0.697120,0.491678,0.018726,0.697113,0.139819,-0.133818,-0.090621,-1.532122,-0.012255,1.398859,0.833305,0.035000,0.035000,0.00000895
169,5.633333,0.493753,0.014056,0.702821,0.493751,0.014061,0.702814,0.135740,-0.119874,-0.096447,-1.500853,-0.011726,1.381543,0.823173,0.035000,0.035000,0.00000890
170,5.666667,0.495569,0.009971,0.707813,0.495566,0.009977,0.707806,0.132051,-0.107077,-0.101566,-1.472573,-0.011067,1.366055,0.814211,0.035000,0.035000,0.00000956
171,5.700000,0.497104,0.006516,0.712036,0.497102,0.006521,0.712030,0.128830,-0.095794,-0.105912,-1.447939,-0.010357,1.352690,0.806558,0.035000,0.035000,0.00000909
172,5.733333,0.498337,0.003741,0.715428,0.498335,0.003746,0.715421,0.126168,-0.086412,-0.109412,-1.427653,-0.009677,1.341766,0.800362,0.035000,0.035000,0.00000893
173,5.766667,0.499246,0.001696,0.717927,0.499244,0.001702,0.717920,0.124160,-0.079307,-0.111998,-1.412402,-0.009110,1.333600,0.795768,0.035000,0.035000,0.00000912
174,5.800000,0.499808,0.000432,0.719471,0.499805,0.000438,0.719465,0.122897,-0.074831,-0.113599,-1.402843,-0.008730,1.328502,0.792917,0.035000,0.035000,0.00000943
175,5.833333,0.500000,0.000000,0.720000,0.499998,0.000006,0.719993,0.122461,-0.073284,-0.114148,-1.399547,-0.008594,1.326747,0.791938,0.035000,0.035000,0.00000943
